{
  "1": [
    [ -0.037653, 0.114675, -0.037143 ],
    [ -0.037653, -0.080025, -0.037143 ]
  ],
  "2": [
    [ 0.258501, -0.080375, -0.037143  ],
    [ -0.037653, -0.080375, -0.037143 ]
  ],
  "3": [
    [ -0.037653, -0.080025, -0.037143 ],
    [ -0.037653, -0.080025, 0.057857 ]
  ],
  "4": [
    [ -0.037653, 0.114675, -0.037143 ],
    [ -0.037653, -0.080025, -0.037143 ]
  ],
  "5": [
    [ 0.258501, -0.080375, 0.057843 ],
    [ -0.036499, -0.080375, 0.057843 ]
  ],
  "6": [
    [ -0.036499, 0.114625, 0.057843 ],
    [ -0.041499, 0.114625, 0.057843 ],
    [ -0.232887, -0.027318, 0.057843 ],
    [ -0.237656, -0.046357, 0.057843 ],
    [ -0.061103, 0.113662, 0.057843 ],
    [ -0.240536, -0.065771, 0.057843 ],
    [ -0.080517, 0.110782, 0.057843 ],
    [ -0.099556, 0.106013, 0.057843 ],
    [ -0.118036, 0.099401, 0.057843 ],
    [ -0.135779, 0.091010, 0.057843 ],
    [ -0.152613, 0.080919, 0.057843 ],
    [ -0.168378, 0.069227, 0.057843 ],
    [ -0.182921, 0.056047, 0.057843 ],
    [ -0.196101, 0.041504, 0.057843 ],
    [ -0.207793, 0.025739, 0.057843 ],
    [ -0.217883, 0.008905, 0.057843 ],
    [ -0.226275, -0.008838, 0.057843 ],
    [ -0.241499, -0.085375, 0.057843 ]
  ]
}
