{
	"1": [[0.070599, -0.097253,  0.002151], [-0.068401, -0.097253, 0.002151]],
	"2": [[0.075599, -0.097236,  0.002151], [0.075599, 0.097274,  0.002151]],
	"3": [[0.070599, 0.097748, 0.002151],[-0.068401, 0.097748, 0.002151]],
	"4": [[-0.074401, -0.097253, 0.002155], [-0.074401, 0.097216,  0.002151]]
}