{
	"1": [[0.075599, 0.097253, 0.007151], [0.075599, 0.097253, 0.072151]],
	"2": [[0.075599, -0.097236,  0.002151], [0.075599, 0.097274,  0.002151]],
	"3": [[0.044849, -0.249998, 0.002151], 
		[-0.043651, -0.249998, 0.002151]],
	"4": [[-0.038651, -0.102748, 0.002151], [0.040849, -0.102748, 0.002151]],
	"5": [
		[ -0.074401, -0.246998, 0.074901 ],
		[ -0.074401, 0.247003, 0.074901 ]
	],
	"6": [
		[-0.07340, -0.097748, 0.072151],
		[0.075599, -0.097748, 0.072151]
	]

}
