{
	"1": [[0.075599, 0.097253, 0.007151], [0.075599, 0.097253, 0.072151]],
	"2": [[0.075599, -0.097236,  0.002151], [0.075599, 0.097274,  0.002151]],
	"3": [[0.044849, -0.249998, 0.002151],
		[-0.043651, -0.249998, 0.002151]],
	"4": [[-0.038651, -0.102748, 0.002151], [0.040849, -0.102748, 0.002151]],
	"5": [
		[ -0.074401, -0.246998, 0.074901 ],
		[ -0.074401, 0.247003, 0.074901 ]
	],
	"6": [
		[-0.07340, -0.097748, 0.072151],
		[0.075599, -0.097748, 0.072151]
	],
	"7": 
	[[-0.241499, -0.085375, 0.057843], [-0.241258, -0.080474, 0.057843], [-0.241018, -0.075573, 0.057843], [-0.240777, -0.070672, 0.057843], [-0.240536, -0.065771, 0.057843], [-0.239816, -0.060918, 0.057843], [-0.239096, -0.056064, 0.057843], [-0.238376, -0.05121, 0.057843], [-0.237656, -0.046357, 0.057843], [-0.236464, -0.041597, 0.057843], [-0.235272, -0.036837, 0.057843], [-0.23408, -0.032078, 0.057843], [-0.232887, -0.027318, 0.057843], [-0.231234, -0.022698, 0.057843], [-0.229581, -0.018078, 0.057843], [-0.227928, -0.013458, 0.057843], [-0.226275, -0.008838, 0.057843], [-0.224177, -0.004402, 0.057843], [-0.222079, 3.3e-05, 0.057843], [-0.219981, 0.004469, 0.057843], [-0.217883, 0.008905, 0.057843], [-0.215361, 0.013113, 0.057843], [-0.212838, 0.017322, 0.057843], [-0.210316, 0.021531, 0.057843], [-0.207793, 0.025739, 0.057843], [-0.20487, 0.02968, 0.057843], [-0.201947, 0.033622, 0.057843], [-0.199024, 0.037563, 0.057843], [-0.196101, 0.041504, 0.057843], [-0.192806, 0.04514, 0.057843], [-0.189511, 0.048775, 0.057843], [-0.186216, 0.052411, 0.057843], [-0.182921, 0.056047, 0.057843], [-0.179285, 0.059342, 0.057843], [-0.175649, 0.062637, 0.057843], [-0.172014, 0.065932, 0.057843], [-0.168378, 0.069227, 0.057843], [-0.164437, 0.07215, 0.057843], [-0.160496, 0.075073, 0.057843], [-0.156554, 0.077996, 0.057843], [-0.152613, 0.080919, 0.057843], [-0.148405, 0.083442, 0.057843], [-0.144196, 0.085964, 0.057843], [-0.139987, 0.088487, 0.057843], [-0.135779, 0.09101, 0.057843], [-0.131343, 0.093107, 0.057843], [-0.126907, 0.095205, 0.057843], [-0.122472, 0.097303, 0.057843], [-0.118036, 0.099401, 0.057843], [-0.113416, 0.101054, 0.057843], [-0.108796, 0.102707, 0.057843], [-0.104176, 0.10436, 0.057843], [-0.099556, 0.106013, 0.057843], [-0.094796, 0.107206, 0.057843], [-0.090037, 0.108398, 0.057843], [-0.085277, 0.10959, 0.057843], [-0.080517, 0.110782, 0.057843], [-0.075664, 0.111502, 0.057843], [-0.07081, 0.112222, 0.057843], [-0.065956, 0.112942, 0.057843], [-0.061103, 0.113662, 0.057843], [-0.056202, 0.113903, 0.057843], [-0.051301, 0.114144, 0.057843], [-0.0464, 0.114385, 0.057843], [-0.036499, 0.114625, 0.057843], [-0.041499, 0.114625, 0.057843], [-0.038999, 0.114625, 0.057843], [-0.040249, 0.114625, 0.057843], [-0.037749, 0.114625, 0.057843]]

	
}
